id,created_at,url,id_OT
19,2026-02-17 14:08:49.436987+00,https://pub-7b4b3d18960a415cbc39df39bd48f3bd.r2.dev/19/foto-1771337320889.jpg,15
20,2026-02-17 14:08:49.436987+00,https://pub-7b4b3d18960a415cbc39df39bd48f3bd.r2.dev/19/foto-1771337323129.jpg,15
21,2026-02-17 14:08:49.436987+00,https://pub-7b4b3d18960a415cbc39df39bd48f3bd.r2.dev/19/foto-1771337325305.jpg,15
22,2026-02-17 14:08:49.436987+00,https://pub-7b4b3d18960a415cbc39df39bd48f3bd.r2.dev/19/foto-1771337327503.jpg,15
23,2026-02-17 15:51:55.103188+00,https://pub-7b4b3d18960a415cbc39df39bd48f3bd.r2.dev/687/foto-1771343496929.jpg,19
24,2026-02-17 15:51:55.103188+00,https://pub-7b4b3d18960a415cbc39df39bd48f3bd.r2.dev/687/foto-1771343501908.jpg,19
25,2026-02-17 15:51:55.103188+00,https://pub-7b4b3d18960a415cbc39df39bd48f3bd.r2.dev/687/foto-1771343508838.jpg,19
26,2026-02-17 15:51:55.103188+00,https://pub-7b4b3d18960a415cbc39df39bd48f3bd.r2.dev/687/foto-1771343513720.jpg,19
27,2026-02-19 12:38:23.620839+00,https://pub-7b4b3d18960a415cbc39df39bd48f3bd.r2.dev/698/foto-1771504696720.jpg,30
28,2026-02-19 12:38:23.620839+00,https://pub-7b4b3d18960a415cbc39df39bd48f3bd.r2.dev/698/foto-1771504699252.jpg,30
29,2026-02-19 12:38:23.620839+00,https://pub-7b4b3d18960a415cbc39df39bd48f3bd.r2.dev/698/foto-1771504700390.jpg,30
30,2026-02-19 12:38:23.620839+00,https://pub-7b4b3d18960a415cbc39df39bd48f3bd.r2.dev/698/foto-1771504701530.jpg,30
31,2026-02-19 12:38:23.620839+00,https://pub-7b4b3d18960a415cbc39df39bd48f3bd.r2.dev/698/foto-1771504702661.jpg,30
32,2026-02-19 12:58:11.944431+00,https://pub-7b4b3d18960a415cbc39df39bd48f3bd.r2.dev/699/foto-1771505888259.jpg,31
33,2026-02-19 12:58:11.944431+00,https://pub-7b4b3d18960a415cbc39df39bd48f3bd.r2.dev/699/foto-1771505889934.jpg,31