id,created_at,url,id_presupuesto,nombre
15,2026-02-17 14:03:04.740191+00,https://pub-7b4b3d18960a415cbc39df39bd48f3bd.r2.dev/19/Presupuesto-1771336983749.pdf,19,19/Presupuesto-1771336983749.pdf
16,2026-02-17 15:09:41.642754+00,https://pub-7b4b3d18960a415cbc39df39bd48f3bd.r2.dev/684/Presupuesto-1771340980836.pdf,684,684/Presupuesto-1771340980836.pdf
17,2026-02-17 15:24:24.285277+00,https://pub-7b4b3d18960a415cbc39df39bd48f3bd.r2.dev/685/Presupuesto-1771341862642.pdf,685,685/Presupuesto-1771341862642.pdf
18,2026-02-17 15:33:59.174166+00,https://pub-7b4b3d18960a415cbc39df39bd48f3bd.r2.dev/686/Presupuesto-1771342438400.pdf,686,686/Presupuesto-1771342438400.pdf
19,2026-02-17 15:47:28.771543+00,https://pub-7b4b3d18960a415cbc39df39bd48f3bd.r2.dev/687/Presupuesto-1771343247679.pdf,687,687/Presupuesto-1771343247679.pdf
20,2026-02-17 16:02:27.33755+00,https://pub-7b4b3d18960a415cbc39df39bd48f3bd.r2.dev/688/Presupuesto-1771344145777.pdf,688,688/Presupuesto-1771344145777.pdf
21,2026-02-17 17:48:51.329134+00,https://pub-7b4b3d18960a415cbc39df39bd48f3bd.r2.dev/689/Presupuesto-1771350530045.pdf,689,689/Presupuesto-1771350530045.pdf
22,2026-02-17 19:05:22.392402+00,https://pub-7b4b3d18960a415cbc39df39bd48f3bd.r2.dev/690/Presupuesto-1771355120630.pdf,690,690/Presupuesto-1771355120630.pdf
23,2026-02-18 16:09:11.073657+00,https://pub-7b4b3d18960a415cbc39df39bd48f3bd.r2.dev/691/Presupuesto-1771430949350.pdf,691,691/Presupuesto-1771430949350.pdf
24,2026-02-18 17:29:38.773007+00,https://pub-7b4b3d18960a415cbc39df39bd48f3bd.r2.dev/692/Presupuesto-1771435778030.pdf,692,692/Presupuesto-1771435778030.pdf
25,2026-02-18 17:43:57.060744+00,https://pub-7b4b3d18960a415cbc39df39bd48f3bd.r2.dev/693/Presupuesto-1771436635464.pdf,693,693/Presupuesto-1771436635464.pdf
26,2026-02-18 18:14:01.796791+00,https://pub-7b4b3d18960a415cbc39df39bd48f3bd.r2.dev/694/Presupuesto-1771438440398.pdf,694,694/Presupuesto-1771438440398.pdf
27,2026-02-18 18:19:30.52452+00,https://pub-7b4b3d18960a415cbc39df39bd48f3bd.r2.dev/695/Presupuesto-1771438769814.pdf,695,695/Presupuesto-1771438769814.pdf
28,2026-02-18 19:31:52.611964+00,https://pub-7b4b3d18960a415cbc39df39bd48f3bd.r2.dev/696/Presupuesto-1771443110938.pdf,696,696/Presupuesto-1771443110938.pdf
29,2026-02-18 19:43:06.359397+00,https://pub-7b4b3d18960a415cbc39df39bd48f3bd.r2.dev/697/Presupuesto-1771443785043.pdf,697,697/Presupuesto-1771443785043.pdf
30,2026-02-18 19:57:22.06415+00,https://pub-7b4b3d18960a415cbc39df39bd48f3bd.r2.dev/698/Presupuesto-1771444640320.pdf,698,698/Presupuesto-1771444640320.pdf
31,2026-02-19 12:51:34.508128+00,https://pub-7b4b3d18960a415cbc39df39bd48f3bd.r2.dev/699/Presupuesto-1771505493736.pdf,699,699/Presupuesto-1771505493736.pdf
32,2026-02-19 12:54:40.879333+00,https://pub-7b4b3d18960a415cbc39df39bd48f3bd.r2.dev/700/Presupuesto-1771505680065.pdf,700,700/Presupuesto-1771505680065.pdf
33,2026-02-19 13:41:52.150425+00,https://pub-7b4b3d18960a415cbc39df39bd48f3bd.r2.dev/701/Presupuesto-1771508510672.pdf,701,701/Presupuesto-1771508510672.pdf